{"cameraMode":{"drawMode":0,"name":"Shaded","section":"Shading Mode"},"sceneLighting":true,"audioPlay":false,"sceneViewState":{"showFog":true,"showMaterialUpdate":false,"showSkybox":true,"showFlares":true,"showImageEffects":true,"showParticleSystems":true},"in2DMode":false,"pivot":{"x":-47.13079833984375,"y":-47.033477783203128,"z":-482.021728515625},"rotation":{"x":-0.18760712444782258,"y":0.6379010081291199,"z":-0.16424205899238587,"w":-0.7286440134048462},"size":344.1554870605469,"orthographic":false}