{"cameraMode":{"drawMode":0,"name":"Shaded","section":"Shading Mode"},"sceneLighting":true,"audioPlay":false,"sceneViewState":{"showFog":true,"showMaterialUpdate":false,"showSkybox":true,"showFlares":true,"showImageEffects":true,"showParticleSystems":true},"in2DMode":false,"pivot":{"x":44.61000061035156,"y":-1.0099984407424927,"z":-35.61000061035156},"rotation":{"x":0.1970934420824051,"y":0.2905599772930145,"z":-0.06129289045929909,"w":0.934335470199585},"size":0.9364518523216248,"orthographic":false}