{"cameraMode":{"drawMode":0,"name":"Shaded","section":"Shading Mode"},"sceneLighting":true,"audioPlay":false,"sceneViewState":{"showFog":true,"showMaterialUpdate":false,"showSkybox":true,"showFlares":true,"showImageEffects":true,"showParticleSystems":true},"in2DMode":false,"pivot":{"x":-108.0075454711914,"y":8.368345260620118,"z":-80.56120300292969},"rotation":{"x":0.4683413505554199,"y":-0.5184246301651001,"z":0.4183012545108795,"w":0.5804762244224548},"size":10.98193359375,"orthographic":false}