{"cameraMode":{"drawMode":0,"name":"Shaded","section":"Shading Mode"},"sceneLighting":true,"audioPlay":false,"sceneViewState":{"showFog":true,"showMaterialUpdate":false,"showSkybox":true,"showFlares":true,"showImageEffects":true,"showParticleSystems":true},"in2DMode":false,"pivot":{"x":541.4061279296875,"y":58.47807312011719,"z":-226.61734008789063},"rotation":{"x":-0.1579562872648239,"y":-0.06806769967079163,"z":0.010912355035543442,"w":-0.9850449562072754},"size":41.64348220825195,"orthographic":true}