{"cameraMode":{"drawMode":0,"name":"Shaded","section":"Shading Mode"},"sceneLighting":false,"audioPlay":false,"sceneViewState":{"showFog":true,"showMaterialUpdate":false,"showSkybox":false,"showFlares":true,"showImageEffects":true,"showParticleSystems":true},"in2DMode":false,"pivot":{"x":370.1370544433594,"y":30.338071823120118,"z":378.4315185546875},"rotation":{"x":0.21713712811470033,"y":0.16166481375694276,"z":-0.03649057075381279,"w":0.9619713425636292},"size":954.15283203125,"orthographic":true}